algorithm,objective,dims,runs,success_ratio,success_pct,avg_clicks,avg_time_ms,avg_guesses,avg_completion,avg_time_per_click_ms,avg_completion_per_click,avg_guess_rate,pareto
scip_solver,MaxInformation,2x2x2,30,0.9333333333333333,93.33333333333333,4.533333333333333,155.83333333333334,1.4666666666666666,98.66666666666667,29.912566137566138,29.017195767195766,0.3975793650793651,True
exact_solver,MaxInformation,2x2x2,30,0.7333333333333333,73.33333333333333,4.3,1.0666666666666667,2.3,96.66666666666667,0.18861111111111112,29.49537037037037,0.5994444444444444,True
scip_solver,MinDistance,2x2x2,30,0.7333333333333333,73.33333333333333,4.066666666666666,141.13333333333333,1.4333333333333333,94.0,31.447777777777777,29.55357142857143,0.42928571428571427,True
scip_solver,MinRotation,2x2x2,30,0.7,70.0,4.066666666666666,141.23333333333332,1.4,93.0,30.148055555555555,29.660714285714285,0.4442460317460318,True
global_sat,MaxInformation,2x2x2,30,0.6666666666666666,66.66666666666666,4.033333333333333,0.8,1.4333333333333333,93.66666666666667,0.13146825396825396,31.20767195767196,0.4762433862433862,True
global_sat,MinDistance,2x2x2,30,0.6666666666666666,66.66666666666666,3.8666666666666667,0.7666666666666667,1.4333333333333333,93.66666666666667,0.14615079365079364,31.511904761904763,0.47928571428571426,True
exact_solver,MinDistance,2x2x2,30,0.4666666666666667,46.666666666666664,3.7,0.6666666666666666,1.8,91.16666666666667,0.14333333333333334,30.84722222222222,0.5716666666666667,True
exact_solver,MinRotation,2x2x2,30,0.36666666666666664,36.666666666666664,3.466666666666667,0.5,1.7666666666666666,86.0,0.10666666666666667,30.930555555555557,0.601111111111111,True
greedy,MaxInformation,2x2x2,30,0.16666666666666666,16.666666666666664,2.933333333333333,0.0,2.933333333333333,86.66666666666667,0.0,39.34166666666667,1.0,True
greedy,MinDistance,2x2x2,30,0.16666666666666666,16.666666666666664,2.933333333333333,0.0,2.933333333333333,86.66666666666667,0.0,39.23611111111111,1.0,True
greedy,MinRotation,2x2x2,30,0.16666666666666666,16.666666666666664,2.933333333333333,0.0,2.933333333333333,86.66666666666667,0.0,39.23611111111111,1.0,True
partitioned_sat,MinRotation,3x3x3,30,1.0,100.0,12.666666666666666,26.933333333333334,1.0333333333333334,100.0,2.0417508438986767,8.880222646863514,0.09031737798378665,True
global_sat,MinDistance,3x3x3,30,1.0,100.0,12.633333333333333,32.7,1.0333333333333334,100.0,2.4108968713032177,9.041050853744354,0.09237129285116902,True
scip_solver,MaxInformation,3x3x3,30,1.0,100.0,11.133333333333333,1088.1333333333334,1.0,100.0,86.32084052414162,14.52657322897261,0.14526573228972608,True
exact_solver,MaxInformation,3x3x3,30,0.5333333333333333,53.333333333333336,9.266666666666667,16.966666666666665,2.033333333333333,96.59366666666666,1.6859213934213932,15.553819311244313,0.2693655881155881,True
exact_solver,MinRotation,3x3x3,30,0.3,30.0,9.6,18.066666666666666,2.033333333333333,85.18633333333334,1.6274368033926858,9.993978866122983,0.30326276936571056,True
greedy,MaxInformation,3x3x3,30,0.03333333333333333,3.3333333333333335,4.766666666666667,0.26666666666666666,4.766666666666667,82.81400000000001,0.03279220779220779,24.971931806156807,1.0,True
greedy,MinRotation,3x3x3,30,0.0,0.0,4.866666666666666,0.03333333333333333,4.866666666666666,71.99966666666666,0.0023809523809523807,19.915365476190473,1.0,True
scip_solver,MaxInformation,4x4x4,30,0.9666666666666667,96.66666666666667,25.4,4418.266666666666,1.0333333333333334,97.08866666666667,165.87877237573628,4.261519596250185,0.07383852929583519,True
partitioned_sat,MinRotation,4x4x4,30,0.9333333333333333,93.33333333333333,24.833333333333332,183.4,1.1666666666666667,97.59466666666667,6.965491869294962,4.4426964051488,0.05510170423810319,True
global_sat,MinRotation,4x4x4,30,0.9333333333333333,93.33333333333333,24.7,242.83333333333334,1.1666666666666667,97.59466666666667,9.433305677427448,4.542756508589275,0.055607830680434664,True
scip_solver,MinRotation,4x4x4,30,0.9,90.0,23.5,3609.6,1.1666666666666667,94.97866666666667,149.610031456413,4.560199972650236,0.06486601681247377,True
exact_solver,MaxInformation,4x4x4,30,0.13333333333333333,13.333333333333334,21.033333333333335,124.16666666666667,4.633333333333334,89.15566666666668,5.379414891677404,5.450899638964878,0.27582484718987055,True
exact_solver,MinDistance,4x4x4,30,0.1,10.0,15.233333333333333,73.66666666666667,2.9,72.44766666666666,4.034108376091062,5.268729740209823,0.2876381375201876,True
exact_solver,MinRotation,4x4x4,30,0.03333333333333333,3.3333333333333335,14.2,62.93333333333333,2.3333333333333335,70.46466666666667,3.564393229074893,5.810713666598132,0.28101627040506494,True
greedy,MinRotation,4x4x4,30,0.0,0.0,8.066666666666666,0.6333333333333333,8.066666666666666,63.84,0.06084183790066143,11.10073612155818,1.0,True
greedy,MinDistance,4x4x4,30,0.0,0.0,7.7,0.9,7.7,64.43066666666667,0.10723013914190385,11.591924101552044,1.0,True
greedy,MaxInformation,4x4x4,30,0.0,0.0,8.866666666666667,1.0666666666666667,8.866666666666667,68.60833333333333,0.11965459872782527,9.999185318781143,1.0,True
scip_solver,MaxInformation,5x5x5,30,0.9333333333333333,93.33333333333333,47.5,14480.966666666667,1.2333333333333334,99.946,298.8084351842745,2.3086704072896604,0.028499041610348226,True
scip_solver,MinDistance,5x5x5,30,0.8333333333333334,83.33333333333334,41.266666666666666,10994.4,1.3666666666666667,91.89699999999999,251.1634878277095,2.543921079347647,0.08590434995625545,True
scip_solver,MinRotation,5x5x5,30,0.7666666666666667,76.66666666666667,37.2,9118.166666666666,1.3333333333333333,81.92466666666665,212.6487620227817,2.5939235870626467,0.1871930795203106,True
partitioned_sat,MinRotation,5x5x5,30,0.7333333333333333,73.33333333333333,36.733333333333334,779.2333333333333,1.3333333333333333,82.35799999999999,16.75646946968521,2.64099569576008,0.18086849525944634,True
global_sat,MinRotation,5x5x5,30,0.7333333333333333,73.33333333333333,36.36666666666667,1157.3666666666666,1.3333333333333333,82.35799999999999,25.66002133520356,2.647387051709203,0.18089964255423363,True
greedy,MinRotation,5x5x5,30,0.0,0.0,7.7,2.066666666666667,7.7,45.20466666666667,0.2772894308420624,7.502285500074974,1.0,True
greedy,MaxInformation,5x5x5,30,0.0,0.0,7.833333333333333,3.3,7.833333333333333,50.542,0.420204536279587,9.032681340187121,1.0,True
exact_solver,MinRotation,5x5x5,30,0.0,0.0,21.3,222.23333333333332,2.566666666666667,60.57,7.427891517395177,3.637014468147305,0.3411925427441704,True
exact_solver,MinDistance,5x5x5,30,0.0,0.0,23.266666666666666,261.9,3.2666666666666666,66.205,8.957071882412423,3.2209228120467404,0.31264620648243735,True
exact_solver,MaxInformation,5x5x5,30,0.0,0.0,30.366666666666667,380.1666666666667,5.2,81.001,11.04525050219138,3.240362315613916,0.209128097372066,True
scip_solver,MaxInformation,6x6x6,30,0.9666666666666667,96.66666666666667,63.733333333333334,28045.8,1.1666666666666667,97.00366666666667,425.30278525495845,1.6102699105850737,0.04333282396649733,True
scip_solver,MinRotation,6x6x6,30,0.8666666666666667,86.66666666666667,57.233333333333334,20392.833333333332,1.3333333333333333,93.95133333333334,341.9580260287213,1.7839796440421247,0.06166899233456765,True
scip_solver,MinDistance,6x6x6,30,0.8333333333333334,83.33333333333334,56.63333333333333,21507.5,1.3666666666666667,90.86133333333333,351.7621806372807,1.8088905566612594,0.09448213089683792,True
partitioned_sat,MinRotation,6x6x6,30,0.8,80.0,55.5,2709.0,1.4,88.38966666666667,44.13993080553325,1.6902013686430877,0.08957620857333409,True
partitioned_sat,MinDistance,6x6x6,30,0.8,80.0,54.8,3981.4333333333334,1.4,88.38966666666667,61.81106329029188,1.7072611986974242,0.08974447849569894,True
global_sat,MinRotation,6x6x6,30,0.8,80.0,54.53333333333333,4184.933333333333,1.4,88.38966666666667,69.6264484317472,1.718438338772115,0.08996384708761117,True
greedy,MinRotation,6x6x6,30,0.0,0.0,9.333333333333334,5.8,9.333333333333334,47.434333333333335,0.670030183675345,7.7286340137461105,1.0,True
greedy,MinDistance,6x6x6,30,0.0,0.0,9.233333333333333,6.766666666666667,9.233333333333333,46.535999999999994,0.8148478835978835,7.651431018518519,1.0,True
greedy,MaxInformation,6x6x6,30,0.0,0.0,8.633333333333333,6.7,8.633333333333333,48.876,0.8984332824038705,7.181341841524489,1.0,True
exact_solver,MinRotation,6x6x6,30,0.0,0.0,28.5,533.2333333333333,2.9,62.22866666666666,14.8258359582752,2.3581681933095147,0.20538541563409232,True
exact_solver,MaxInformation,6x6x6,30,0.0,0.0,45.2,1219.8333333333333,4.666666666666667,86.66633333333333,25.63234220084856,2.084413177306117,0.10623135768131385,True
partitioned_sat,MinRotation,7x7x7,30,0.9,90.0,83.73333333333333,11599.766666666666,1.2,91.12966666666667,126.98588504059799,1.1320232272502935,0.04190673500661093,True
global_sat,MinRotation,7x7x7,30,0.9,90.0,81.73333333333333,16846.966666666667,1.2,91.12966666666667,188.66033198930234,1.1632431268980858,0.04334720001555995,True
scip_solver,MinRotation,7x7x7,30,0.9,90.0,81.96666666666667,44046.566666666666,1.1666666666666667,90.95066666666666,501.07470067353796,1.1628809346685585,0.043750017703422774,True
scip_solver,MaxInformation,7x7x7,30,0.9,90.0,89.0,63201.3,1.4,91.46000000000001,668.6723050297566,1.0628361765831593,0.057238560178530004,True
greedy,MinRotation,7x7x7,30,0.0,0.0,9.166666666666666,12.433333333333334,9.166666666666666,39.91766666666667,1.601287633184185,5.892544961121255,1.0,True
greedy,MinDistance,7x7x7,30,0.0,0.0,9.8,14.933333333333334,9.8,41.10166666666667,1.9570705220705222,5.876131758981758,1.0,True
greedy,MaxInformation,7x7x7,30,0.0,0.0,7.233333333333333,15.066666666666666,7.233333333333333,30.041,2.122046102046102,5.24895358067858,1.0,True
exact_solver,MinRotation,7x7x7,30,0.0,0.0,39.53333333333333,1560.1666666666667,2.8333333333333335,62.56233333333333,30.949433046932292,1.8686821070953579,0.15392111060946992,True
exact_solver,MaxInformation,7x7x7,30,0.0,0.0,44.666666666666664,1888.5666666666666,5.033333333333333,64.75166666666667,34.0870445287254,1.5129066667144933,0.17514535725312516,True
exact_solver,MinDistance,7x7x7,30,0.0,0.0,42.8,1804.8333333333333,4.333333333333333,65.89533333333333,34.74322105754628,1.7732180631855325,0.18740870922924796,True
scip_solver,MaxInformation,8x8x8,30,0.9666666666666667,96.66666666666667,119.73333333333333,124869.53333333334,1.1666666666666667,96.857,1007.3049894507052,0.826480468519412,0.02517505934379515,True
partitioned_sat,MinRotation,8x8x8,30,0.9333333333333333,93.33333333333333,121.1,27567.3,1.1333333333333333,96.78299999999999,222.9085855796793,0.8135488560130104,0.03329840522679677,True
global_sat,MinRotation,8x8x8,30,0.9333333333333333,93.33333333333333,120.26666666666667,43541.9,1.1333333333333333,96.78299999999999,352.01415001807146,0.8218810161040566,0.0333832460804465,True
partitioned_sat,MinDistance,8x8x8,30,0.9333333333333333,93.33333333333333,118.4,53713.333333333336,1.1333333333333333,96.78299999999999,435.4327069038174,0.832853187202518,0.033495108572839466,True
global_sat,MinDistance,8x8x8,30,0.9333333333333333,93.33333333333333,118.13333333333334,65321.86666666667,1.1333333333333333,96.78299999999999,530.3933858770392,0.8350014976464126,0.03354037231211093,True
scip_solver,MinRotation,8x8x8,30,0.9333333333333333,93.33333333333333,119.1,85686.6,1.1,96.87833333333333,702.4426705345821,0.82941091129396,0.018000812409642897,True
scip_solver,MinDistance,8x8x8,30,0.9333333333333333,93.33333333333333,118.7,95327.1,1.1333333333333333,96.88866666666667,783.8717331764029,0.8308300964169586,0.02103136339386587,True
greedy,MinRotation,8x8x8,30,0.0,0.0,11.1,29.333333333333332,11.1,33.418,2.643549640742623,3.6802473970879674,1.0,True
greedy,MinDistance,8x8x8,30,0.0,0.0,11.833333333333334,29.933333333333334,11.833333333333334,34.814,2.711906905248723,3.5660753564992196,1.0,True
greedy,MaxInformation,8x8x8,30,0.0,0.0,10.066666666666666,26.133333333333333,10.066666666666666,38.327666666666666,2.936171236171236,6.01727506012506,1.0,True
exact_solver,MinRotation,8x8x8,30,0.0,0.0,43.266666666666666,2088.9666666666667,2.466666666666667,50.974000000000004,35.26421171351099,1.4460121945559086,0.15606485678903337,True
exact_solver,MinDistance,8x8x8,30,0.0,0.0,47.9,2619.1666666666665,4.1,56.13766666666667,41.16150852921854,1.2907795808087534,0.17690277327525314,True
exact_solver,MaxInformation,8x8x8,30,0.0,0.0,55.56666666666667,3930.366666666667,5.7,63.841,56.826288957645595,1.206372021671237,0.17034331896873964,True
